브랜드명,링크,썸네일 경로
4MONSTER,https://www.musinsa.com/brand/4monster,/media/brand_thumbnails/4monster.png
AAA,https://www.musinsa.com/brand/aaa,/media/brand_thumbnails/aaa.png
ADIDAS,https://www.musinsa.com/brand/adidas,/media/brand_thumbnails/adidas.png
ADIDAS FITNESS,https://www.musinsa.com/brand/adidasfitness,/media/brand_thumbnails/adidasfitness.png
AIDER,https://www.musinsa.com/brand/aider,/media/brand_thumbnails/aider.png
ALEAF,https://www.musinsa.com/brand/aleaf,/media/brand_thumbnails/aleaf.png
ARDENTSOUL,https://www.musinsa.com/brand/ardentsoul,/media/brand_thumbnails/ardentsoul.png
ARDU,https://www.musinsa.com/brand/ardu,/media/brand_thumbnails/ardu.png
BALLOP,https://www.musinsa.com/brand/ballop,/media/brand_thumbnails/ballop.png
BARBELLWORKS,https://www.musinsa.com/brand/barbellworks,/media/brand_thumbnails/barbellworks.png
BATIP,https://www.musinsa.com/brand/batip,/media/brand_thumbnails/batip.png
BERMUSER,https://www.musinsa.com/brand/bermuser,/media/brand_thumbnails/bermuser.png
BETTER THAN LIFE,https://www.musinsa.com/brand/betterthanlife,/media/brand_thumbnails/betterthanlife.png
BLACK MONSTER FIT,https://www.musinsa.com/brand/blackmonsterfit,/media/brand_thumbnails/blackmonsterfit.png
BLUEGRAIN,https://www.musinsa.com/brand/bluegrain,/media/brand_thumbnails/bluegrain.png
BORN TO WIN,https://www.musinsa.com/brand/borntowin,/media/brand_thumbnails/borntowin.png
BRONIS,https://www.musinsa.com/brand/bronis,/media/brand_thumbnails/bronis.png
BUFF,https://www.musinsa.com/brand/buff,/media/brand_thumbnails/buff.png
BYSEC,https://www.musinsa.com/brand/bysec,/media/brand_thumbnails/bysec.png
DESCENTE,https://www.musinsa.com/brand/descente,/media/brand_thumbnails/descente.png
DIMITO,https://www.musinsa.com/brand/dimito,/media/brand_thumbnails/dimito.png
DIVINGSPOT,https://www.musinsa.com/brand/divingspot,/media/brand_thumbnails/divingspot.png
DYNAFIT,https://www.musinsa.com/brand/dynafit,/media/brand_thumbnails/dynafit.png
ERGOGEAR,https://www.musinsa.com/brand/ergogear,/media/brand_thumbnails/ergogear.png
EVERLAST,https://www.musinsa.com/brand/everlast,/media/brand_thumbnails/everlast.png
EXHALE,https://www.musinsa.com/brand/exhale,/media/brand_thumbnails/exhale.png
FCMM,https://www.musinsa.com/brand/fcmm,/media/brand_thumbnails/fcmm.png
FITBOON,https://www.musinsa.com/brand/fitboon,/media/brand_thumbnails/fitboon.png
FITFLEX,https://www.musinsa.com/brand/fitflex,/media/brand_thumbnails/fitflex.png
FREEDOM,https://www.musinsa.com/brand/freedomathletic,/media/brand_thumbnails/freedomathletic.png
GBRO,https://www.musinsa.com/brand/gbro,/media/brand_thumbnails/gbro.png
GEARX,https://www.musinsa.com/brand/gearx,/media/brand_thumbnails/gearx.png
GOALSTUDIO,https://www.musinsa.com/brand/goalstudio,/media/brand_thumbnails/goalstudio.png
GRAYL,https://www.musinsa.com/brand/grayl,/media/brand_thumbnails/grayl.png
HARBINGER,https://www.musinsa.com/brand/harbinger,/media/brand_thumbnails/harbinger.png
HARDYROAR,https://www.musinsa.com/brand/hardyroar,/media/brand_thumbnails/hardyroar.png
HDEX,https://www.musinsa.com/brand/hadex,/media/brand_thumbnails/hadex.png
HOTSUIT,https://www.musinsa.com/brand/hotsuit,/media/brand_thumbnails/hotsuit.png
HUGVONE,https://www.musinsa.com/brand/hugvone,/media/brand_thumbnails/hugvone.png
INSTAY,https://www.musinsa.com/brand/instay,/media/brand_thumbnails/instay.png
IRUNNER,https://www.musinsa.com/brand/irunner,/media/brand_thumbnails/irunner.png
JAMBAEKEE,https://www.musinsa.com/brand/jambaekee,/media/brand_thumbnails/jambaekee.png
JELEVE,https://www.musinsa.com/brand/jeleve,/media/brand_thumbnails/jeleve.png
JUNGFOOD,https://www.musinsa.com/brand/jungfood,/media/brand_thumbnails/jungfood.png
KHAKI GRADO,https://www.musinsa.com/brand/khakigrado,/media/brand_thumbnails/khakigrado.png
KOLCA,https://www.musinsa.com/brand/kolca,/media/brand_thumbnails/kolca.png
LEADEN,https://www.musinsa.com/brand/leaden,/media/brand_thumbnails/leaden.png
LESTE,https://www.musinsa.com/brand/leste,/media/brand_thumbnails/leste.png
LEVASSE,https://www.musinsa.com/brand/levasse,/media/brand_thumbnails/levasse.png
LIMELIGHT APPAREL,https://www.musinsa.com/brand/limelightapparel,/media/brand_thumbnails/limelightapparel.png
LIVEPRO,https://www.musinsa.com/brand/livepro,/media/brand_thumbnails/livepro.png
LIVEUP,https://www.musinsa.com/brand/liveup,/media/brand_thumbnails/liveup.png
LOFIX,https://www.musinsa.com/brand/lofix,/media/brand_thumbnails/lofix.png
LORNA JANE,https://www.musinsa.com/brand/lornajane,/media/brand_thumbnails/lornajane.png
MACBLACKSPORTS,https://www.musinsa.com/brand/macblacksports,/media/brand_thumbnails/macblacksports.png
MALDEN,https://www.musinsa.com/brand/malden,/media/brand_thumbnails/malden.png
MCDAVID,https://www.musinsa.com/brand/mcdavid,/media/brand_thumbnails/mcdavid.png
MCNSPORTS,https://www.musinsa.com/brand/mcnsports,/media/brand_thumbnails/mcnsports.png
MEDINSTORY,https://www.musinsa.com/brand/medinstory,/media/brand_thumbnails/medinstory.png
MIHAK,https://www.musinsa.com/brand/mihak,/media/brand_thumbnails/mihak.png
MUMUSK,https://www.musinsa.com/brand/mumusk,/media/brand_thumbnails/mumusk.png
MUSCLE ARMED,https://www.musinsa.com/brand/musclearmed,/media/brand_thumbnails/musclearmed.png
MUSCLEGUARD,https://www.musinsa.com/brand/muscleguard,/media/brand_thumbnails/muscleguard.png
MUSINSA STANDARD,https://www.musinsa.com/brand/musinsastandard,/media/brand_thumbnails/musinsastandard.png
NEIMLAB,https://www.musinsa.com/brand/neimlab,/media/brand_thumbnails/neimlab.png
NIKE,https://www.musinsa.com/brand/nike,/media/brand_thumbnails/nike.png
NINEZ,https://www.musinsa.com/brand/ninez,/media/brand_thumbnails/ninez.png
NUBELLS,https://www.musinsa.com/brand/nubells,/media/brand_thumbnails/nubells.png
NUTRITIONFACTORY,https://www.musinsa.com/brand/nutritionfactory,/media/brand_thumbnails/nutritionfactory.png
ODEOUEKNIT,https://www.musinsa.com/brand/odeoueknit,/media/brand_thumbnails/odeoueknit.png
ONEAIM,https://www.musinsa.com/brand/oneaim,/media/brand_thumbnails/oneaim.png
ORIGINAL,https://www.musinsa.com/brand/original,/media/brand_thumbnails/original.png
OVERTIA,https://www.musinsa.com/brand/overtia,/media/brand_thumbnails/overtia.png
PEGGYNCO,https://www.musinsa.com/brand/peggynco,/media/brand_thumbnails/peggynco.png
PHERMENON,https://www.musinsa.com/brand/377place,/media/brand_thumbnails/377place.png
PHYSICAL GARMENTS,https://www.musinsa.com/brand/physicalgarments,/media/brand_thumbnails/physicalgarments.png
PODER,https://www.musinsa.com/brand/poder,/media/brand_thumbnails/poder.png
POINTFIXE,https://www.musinsa.com/brand/pointfixe,/media/brand_thumbnails/pointfixe.png
PROESCE,https://www.musinsa.com/brand/proesce,/media/brand_thumbnails/proesce.png
PUMA,https://www.musinsa.com/brand/puma,/media/brand_thumbnails/puma.png
RABDY,https://www.musinsa.com/brand/rabdy,/media/brand_thumbnails/rabdy.png
REACTIFY,https://www.musinsa.com/brand/reactify,/media/brand_thumbnails/reactify.png
READY4NEXT,https://www.musinsa.com/brand/ready4next,/media/brand_thumbnails/ready4next.png
REEBOK,https://www.musinsa.com/brand/reebok,/media/brand_thumbnails/reebok.png
REXY,https://www.musinsa.com/brand/rexy,/media/brand_thumbnails/rexy.png
ROUGH ATHLETIC,https://www.musinsa.com/brand/roughathletic,/media/brand_thumbnails/roughathletic.png
RUNTWO,https://www.musinsa.com/brand/runtwo,/media/brand_thumbnails/runtwo.png
RVD,https://www.musinsa.com/brand/rvd,/media/brand_thumbnails/rvd.png
SEAN LEE,https://www.musinsa.com/brand/seanlee,/media/brand_thumbnails/seanlee.png
SENTI,https://www.musinsa.com/brand/senti,/media/brand_thumbnails/senti.png
SHIELD,https://www.musinsa.com/brand/shield,/media/brand_thumbnails/shield.png
SHOCKABSORBER,https://www.musinsa.com/brand/shockabsorber,/media/brand_thumbnails/shockabsorber.png
SKULLPIG,https://www.musinsa.com/brand/skullpig,/media/brand_thumbnails/skullpig.png
SOMEFIT,https://www.musinsa.com/brand/somefit,/media/brand_thumbnails/somefit.png
SPORTLER,https://www.musinsa.com/brand/sportler,/media/brand_thumbnails/sportler.png
SPYDER,https://www.musinsa.com/brand/spyder,/media/brand_thumbnails/spyder.png
STIZ,https://www.musinsa.com/brand/stiz,/media/brand_thumbnails/stiz.png
SUMNFIT,https://www.musinsa.com/brand/sumnfit,/media/brand_thumbnails/sumnfit.png
TAKEFORM,https://www.musinsa.com/brand/takeform,/media/brand_thumbnails/takeform.png
TAPINGTECH,https://www.musinsa.com/brand/tapingtech,/media/brand_thumbnails/tapingtech.png
TESLA,https://www.musinsa.com/brand/tesla,/media/brand_thumbnails/tesla.png
THE WEIGHT COMPANY,https://www.musinsa.com/brand/theweightcompany,/media/brand_thumbnails/theweightcompany.png
THERABAND,https://www.musinsa.com/brand/theraband,/media/brand_thumbnails/theraband.png
TOLANCE,https://www.musinsa.com/brand/tolance,/media/brand_thumbnails/tolance.png
TOMDEER,https://www.musinsa.com/brand/tomdeer,/media/brand_thumbnails/tomdeer.png
TURTLEBACK,https://www.musinsa.com/brand/turtleback,/media/brand_thumbnails/turtleback.png
UFC SPORT,https://www.musinsa.com/brand/ufcsport,/media/brand_thumbnails/ufcsport.png
UNBROKEN,https://www.musinsa.com/brand/unbroken,/media/brand_thumbnails/unbroken.png
UNDERARMOUR,https://www.musinsa.com/brand/underarmour,/media/brand_thumbnails/underarmour.png
UP LOUNGE,https://www.musinsa.com/brand/uplounge,/media/brand_thumbnails/uplounge.png
VALIANT,https://www.musinsa.com/brand/valiant,/media/brand_thumbnails/valiant.png
VENKANY,https://www.musinsa.com/brand/venkany,/media/brand_thumbnails/venkany.png
WAVEWEAR,https://www.musinsa.com/brand/wavewear,/media/brand_thumbnails/wavewear.png
WAYDN,https://www.musinsa.com/brand/waydn,/media/brand_thumbnails/waydn.png
WECANDARE,https://www.musinsa.com/brand/wecandare,/media/brand_thumbnails/wecandare.png
WILDBROS,https://www.musinsa.com/brand/wildbros,/media/brand_thumbnails/wildbros.png
WILLIWAW STUDIO,https://www.musinsa.com/brand/williwawstudio,/media/brand_thumbnails/williwawstudio.png
XEXYMIX,https://www.musinsa.com/brand/xexymix,/media/brand_thumbnails/xexymix.png
XNAZZY,https://www.musinsa.com/brand/xnazzy,/media/brand_thumbnails/xnazzy.png
브랜드명,링크,/media/%25EC%258D%25B8%25EB%2584%25A4%25EC%259D%25BC%2520%25EA%25B2%25BD%25EB%25A1%259C
