Brand Name,Brand Link
377PLACE,https://www.musinsa.com/brand/377place
4MONSTER,https://www.musinsa.com/brand/4monster
AAA,https://www.musinsa.com/brand/aaa
ADIDAS,https://www.musinsa.com/brand/adidas
ADIDAS FITNESS,https://www.musinsa.com/brand/adidasfitness
AIC EAS,https://www.musinsa.com/brand/aiceas
AIDER,https://www.musinsa.com/brand/aider
AIRIT SPORTS.,https://www.musinsa.com/brand/airitsports.
ALEAF,https://www.musinsa.com/brand/aleaf
ARDENTSOUL,https://www.musinsa.com/brand/ardentsoul
ARDU,https://www.musinsa.com/brand/ardu
ARICA,https://www.musinsa.com/brand/arica
ARLE,https://www.musinsa.com/brand/arle
ASA,https://www.musinsa.com/brand/asa
BALLOP,https://www.musinsa.com/brand/ballop
"BARBELLWORKS,",https://www.musinsa.com/brand/barbellworks
BATIP,https://www.musinsa.com/brand/batip
BERMUSER,https://www.musinsa.com/brand/bermuser
BETTER THAN LIFE,https://www.musinsa.com/brand/betterthanlife
BLACK MONSTER FIT,https://www.musinsa.com/brand/blackmonsterfit
BLUEGRAIN,https://www.musinsa.com/brand/bluegrain
BORN TO WIN,https://www.musinsa.com/brand/borntowin
BRONIS,https://www.musinsa.com/brand/bronis
BUFF,https://www.musinsa.com/brand/buff
BYSEC,https://www.musinsa.com/brand/bysec
CEES,https://www.musinsa.com/brand/cees
CETO,https://www.musinsa.com/brand/ceto
COILS!,https://www.musinsa.com/brand/coils!
COLORHEAL,https://www.musinsa.com/brand/colorheal
CRITICALFLEX LJ,https://www.musinsa.com/brand/criticalflexlj
DESCENTE,https://www.musinsa.com/brand/descente
DIMITO,https://www.musinsa.com/brand/dimito
DIVINGSPOT,https://www.musinsa.com/brand/divingspot
DYNAFIT,https://www.musinsa.com/brand/dynafit
EEA,https://www.musinsa.com/brand/eea
EGOJIN,https://www.musinsa.com/brand/egojin
ENERSKIN,https://www.musinsa.com/brand/enerskin
ERGOGEAR,https://www.musinsa.com/brand/ergogear
EVERLAST,https://www.musinsa.com/brand/everlast
EXHALE,https://www.musinsa.com/brand/exhale
FAAP ARIES AZZ,https://www.musinsa.com/brand/faapariesazz
FCMM,https://www.musinsa.com/brand/fcmm
FITBOON,https://www.musinsa.com/brand/fitboon
FITFLEX,https://www.musinsa.com/brand/fitflex
FREEDOM,https://www.musinsa.com/brand/freedom
GBRO,https://www.musinsa.com/brand/gbro
GEARX,https://www.musinsa.com/brand/gearx
GOALSTUDIO,https://www.musinsa.com/brand/goalstudio
GOODFRIEND,https://www.musinsa.com/brand/goodfriend
GRAYL,https://www.musinsa.com/brand/grayl
HARBINGER,https://www.musinsa.com/brand/harbinger
HARDYROAR,https://www.musinsa.com/brand/hardyroar
HDEX,https://www.musinsa.com/brand/hdex
HE-AMA,https://www.musinsa.com/brand/he-ama
HOEX,https://www.musinsa.com/brand/hoex
HOTSUIT,https://www.musinsa.com/brand/hotsuit
HUGVONE,https://www.musinsa.com/brand/hugvone
INSTAY,https://www.musinsa.com/brand/instay
IRUNNER,https://www.musinsa.com/brand/irunner
JAMBAEKEE,https://www.musinsa.com/brand/jambaekee
JELEVE,https://www.musinsa.com/brand/jeleve
JUNGFOOD,https://www.musinsa.com/brand/jungfood
KHAKI GRADO,https://www.musinsa.com/brand/khakigrado
KOLCA,https://www.musinsa.com/brand/kolca
LEADEN,https://www.musinsa.com/brand/leaden
LESTE,https://www.musinsa.com/brand/leste
LEVASSE,https://www.musinsa.com/brand/levasse
LIMELIGHT APPAREL,https://www.musinsa.com/brand/limelightapparel
LIVEPRO,https://www.musinsa.com/brand/livepro
LIVEUP,https://www.musinsa.com/brand/liveup
LOFIX,https://www.musinsa.com/brand/lofix
LORNA JANE,https://www.musinsa.com/brand/lornajane
LUTHE,https://www.musinsa.com/brand/luthe
"MACBLACKSPORTS,",https://www.musinsa.com/brand/macblacksports
MALDEN,https://www.musinsa.com/brand/malden
MCDAVID,https://www.musinsa.com/brand/mcdavid
MCNSPORTS,https://www.musinsa.com/brand/mcnsports
MEDINSTORY,https://www.musinsa.com/brand/medinstory
MIHAK,https://www.musinsa.com/brand/mihak
MULAWEAR,https://www.musinsa.com/brand/mulawear
MUMUSK,https://www.musinsa.com/brand/mumusk
MUSCLE ARMED,https://www.musinsa.com/brand/musclearmed
MUSCLEGUARD.,https://www.musinsa.com/brand/muscleguard
MUSINSA STANDARD.,https://www.musinsa.com/brand/musinsastandard
NEIMLAB,https://www.musinsa.com/brand/neimlab
NIKE,https://www.musinsa.com/brand/nike
NINEZ,https://www.musinsa.com/brand/ninez
NUBELLS,https://www.musinsa.com/brand/nubells
NUTRITIONFACTORY,https://www.musinsa.com/brand/nutritionfactory
O10},https://www.musinsa.com/brand/o10}
ODEOUEKNIT,https://www.musinsa.com/brand/odeoueknit
OE 27104,https://www.musinsa.com/brand/oe27104
ONEAIM,https://www.musinsa.com/brand/oneaim
ORIGINAL,https://www.musinsa.com/brand/original
OVERTIA,https://www.musinsa.com/brand/overtia
PAA ASS,https://www.musinsa.com/brand/paaass
PEGGYNCO,https://www.musinsa.com/brand/peggynco
PHYSICAL GARMENTS.,https://www.musinsa.com/brand/physicalgarments.
PODER,https://www.musinsa.com/brand/poder
POINTFIXE,https://www.musinsa.com/brand/pointfixe
PRO-SPECS,https://www.musinsa.com/brand/pro-specs
PROESCE,https://www.musinsa.com/brand/proesce
PROTEIN ERATH,https://www.musinsa.com/brand/proteinerath
PUMA,https://www.musinsa.com/brand/puma
RABDY,https://www.musinsa.com/brand/rabdy
REACTIFY,https://www.musinsa.com/brand/reactify
READY4NEXT,https://www.musinsa.com/brand/ready4next
REEBOK,https://www.musinsa.com/brand/reebok
REXY,https://www.musinsa.com/brand/rexy
ROUGH ATHLETIC,https://www.musinsa.com/brand/roughathletic
RUNTWO,https://www.musinsa.com/brand/runtwo
RVD,https://www.musinsa.com/brand/rvd
S201,https://www.musinsa.com/brand/s201
SEAN LEE,https://www.musinsa.com/brand/seanlee
SENTI,https://www.musinsa.com/brand/senti
SHIELD,https://www.musinsa.com/brand/shield
SHOCKABSORBER,https://www.musinsa.com/brand/shockabsorber
SKULLPIG,https://www.musinsa.com/brand/skullpig
SOMEFIT,https://www.musinsa.com/brand/somefit
SPORTLER,https://www.musinsa.com/brand/sportler
SPYDER,https://www.musinsa.com/brand/spyder
STIZ,https://www.musinsa.com/brand/stiz
SUMNFIT,https://www.musinsa.com/brand/sumnfit
SUNG,https://www.musinsa.com/brand/sung
TAKEFORM,https://www.musinsa.com/brand/takeform
TAPINGTECH,https://www.musinsa.com/brand/tapingtech
TESLA,https://www.musinsa.com/brand/tesla
THE WEIGHT COMPANY,https://www.musinsa.com/brand/theweightcompany
THERABAND,https://www.musinsa.com/brand/theraband
TOLANCE,https://www.musinsa.com/brand/tolance
TOMDEER,https://www.musinsa.com/brand/tomdeer
TROIKA,https://www.musinsa.com/brand/troika
TURTLEBACK,https://www.musinsa.com/brand/turtleback
UFC SPORT,https://www.musinsa.com/brand/ufcsport
"UNBROKEN,",https://www.musinsa.com/brand/unbroken
UNDERARMOUR,https://www.musinsa.com/brand/underarmour
UP LOUNGE,https://www.musinsa.com/brand/uplounge
VALIANT,https://www.musinsa.com/brand/valiant
VENKANY,https://www.musinsa.com/brand/venkany
VERMANN APPAREL,https://www.musinsa.com/brand/vermannapparel
WANNA,https://www.musinsa.com/brand/wanna
WAVEWEAR,https://www.musinsa.com/brand/wavewear
WAYDN,https://www.musinsa.com/brand/waydn
WECANDARE,https://www.musinsa.com/brand/wecandare
WEPULSE,https://www.musinsa.com/brand/wepulse
WILDBROS,https://www.musinsa.com/brand/wildbros
WILLIWAW STUDIO,https://www.musinsa.com/brand/williwawstudio
WIN,https://www.musinsa.com/brand/win
XEXYMIX,https://www.musinsa.com/brand/xexymix
XNAZZY,https://www.musinsa.com/brand/xnazzy
